CATID,CATNAME,Link


3974,油尖旺區,http://www.hk861.com/channel.php?cid=3974
3984,觀塘區,http://www.hk861.com/channel.php?cid=3984
3988,深水埗區 ,http://www.hk861.com/channel.php?cid=3988
3982,九龍城區,http://www.hk861.com/channel.php?cid=3982
3993,黃大仙區,http://www.hk861.com/channel.php?cid=3993
3992,灣仔區,http://www.hk861.com/channel.php?cid=3992
3979,中西區,http://www.hk861.com/channel.php?cid=3979
3980,東區,http://www.hk861.com/channel.php?cid=3980
3989,南區,http://www.hk861.com/channel.php?cid=3989
3975,荃灣區,http://www.hk861.com/channel.php?cid=3975
3983,葵青區,http://www.hk861.com/channel.php?cid=3983
3987,沙田區,http://www.hk861.com/channel.php?cid=3987
3986,西貢區,http://www.hk861.com/channel.php?cid=3986
3990,大埔區,http://www.hk861.com/channel.php?cid=3990
3985,北區,http://www.hk861.com/channel.php?cid=3985
3991,屯門區,http://www.hk861.com/channel.php?cid=3991
3994,元朗區,http://www.hk861.com/channel.php?cid=3994
3981,離島區,http://www.hk861.com/channel.php?cid=3981

4848,購物,http://www.hk861.com/channel.php?cid=4848
4847,飲食,http://www.hk861.com/channel.php?cid=4847
4846,娛樂,http://www.hk861.com/channel.php?cid=4846

302,美白,http://www.hk861.com/channel.php?cid=302
275,暗瘡,http://www.hk861.com/channel.php?cid=275
335,脫毛,http://www.hk861.com/channel.php?cid=335
315,眼袋,http://www.hk861.com/channel.php?cid=315
259,豐胸,http://www.hk861.com/channel.php?cid=259
320,紋眉,http://www.hk861.com/channel.php?cid=320
214,化妝,http://www.hk861.com/channel.php?cid=214
394,髮型及造型,http://www.hk861.com/channel.php?cid=394
296,指甲美容,http://www.hk861.com/channel.php?cid=296
355,減肥,http://www.hk861.com/channel.php?cid=355
387,產後瘦身,http://www.hk861.com/channel.php?cid=387
396,SPA,http://www.hk861.com/channel.php?cid=396
242,肌膚保養,http://www.hk861.com/channel.php?cid=242
195,男士美容,http://www.hk861.com/channel.php?cid=195
206,醫學美容,http://www.hk861.com/channel.php?cid=206
196,整型外科,http://www.hk861.com/channel.php?cid=196
282,抽脂,http://www.hk861.com/channel.php?cid=282
228,注射,http://www.hk861.com/channel.php?cid=228
290,拉皮,http://www.hk861.com/channel.php?cid=290
372,雷射,http://www.hk861.com/channel.php?cid=372
341,除皺紋,http://www.hk861.com/channel.php?cid=341
270,抗衰老,http://www.hk861.com/channel.php?cid=270
348,脫髮生髮,http://www.hk861.com/channel.php?cid=348
307,美容食品,http://www.hk861.com/channel.php?cid=307
310,面膜,http://www.hk861.com/channel.php?cid=310

3058,寵物食品及用品,http://www.hk861.com/channel.php?cid=3058
3057,寵物美容 | 護理,http://www.hk861.com/channel.php?cid=3057
3063,寵物善終,http://www.hk861.com/channel.php?cid=3063
3061,寵物攝影,http://www.hk861.com/channel.php?cid=3061
3064,寵物訓練,http://www.hk861.com/channel.php?cid=3064
3067,寵物活動,http://www.hk861.com/channel.php?cid=3067
3059,寵物樂園及餐廳,http://www.hk861.com/channel.php?cid=3059
3060,寵物醫療 | 保險,http://www.hk861.com/channel.php?cid=3060
3062,寵物買賣 | 配種,http://www.hk861.com/channel.php?cid=3062
3056,寵物領養 | 託管,http://www.hk861.com/channel.php?cid=3056
3066,寵物組織及團體,http://www.hk861.com/channel.php?cid=3066
3065,水族及爬蟲,http://www.hk861.com/channel.php?cid=3065

3358,米芝連餐廳,http://www.hk861.com/channel.php?cid=3358
3356,各色美食,http://www.hk861.com/channel.php?cid=3356
3357,聚會熱店,http://www.hk861.com/channel.php?cid=3357
3353,歐洲菜式,http://www.hk861.com/channel.php?cid=3353
3354,美式菜式,http://www.hk861.com/channel.php?cid=3354
3352,亞洲菜式,http://www.hk861.com/channel.php?cid=3352
3351,中式菜式,http://www.hk861.com/channel.php?cid=3351
3355,其他菜式,http://www.hk861.com/channel.php?cid=3355
3359,美食點評,http://www.hk861.com/channel.php?cid=3359

3344,攝影 | 沖哂,http://www.hk861.com/channel.php?cid=3344
3920,訂造鞋 | 修補鞋,http://www.hk861.com/channel.php?cid=3920
3221,生活指南,http://www.hk861.com/channel.php?cid=3221
3222,家居保險,http://www.hk861.com/channel.php?cid=3222
3223,家居維修及工程,http://www.hk861.com/channel.php?cid=3223
3224,室內設計,http://www.hk861.com/channel.php?cid=3224
3225,室外裝飾佈置,http://www.hk861.com/channel.php?cid=3225
3226,家居保安,http://www.hk861.com/channel.php?cid=3226
3227,搬運及迷你倉,http://www.hk861.com/channel.php?cid=3227
3228,司機及租車,http://www.hk861.com/channel.php?cid=3228
3230,智能家居,http://www.hk861.com/channel.php?cid=3230
3231,開鎖服務,http://www.hk861.com/channel.php?cid=3231
3232,長者服務,http://www.hk861.com/channel.php?cid=3232
3234,洗衣改衣,http://www.hk861.com/channel.php?cid=3234
3235,移民簽證,http://www.hk861.com/channel.php?cid=3235
3236,清潔及滅蟲,http://www.hk861.com/channel.php?cid=3236
3237,家居防火,http://www.hk861.com/channel.php?cid=3237
3238,月子中心,http://www.hk861.com/channel.php?cid=3238
837,外傭及家務助理,http://www.hk861.com/channel.php?cid=837

2291,消閒,http://www.hk861.com/channel.php?cid=2291
1455,大型商場,http://www.hk861.com/channel.php?cid=1455
1457,超市 | 便利店 | 雜貨店,http://www.hk861.com/channel.php?cid=1457
1456,電器店,http://www.hk861.com/channel.php?cid=1456
1464,藥房及補品,http://www.hk861.com/channel.php?cid=1464
978,服飾,http://www.hk861.com/channel.php?cid=978
1458,手機,http://www.hk861.com/channel.php?cid=1458
1463,珠寶及鐘錶,http://www.hk861.com/channel.php?cid=1463

3117,服裝,http://www.hk861.com/channel.php?cid=3117
3119,配件,http://www.hk861.com/channel.php?cid=3119
3118,飾物,http://www.hk861.com/channel.php?cid=3118
4751,護理 | 維修,http://www.hk861.com/channel.php?cid=4751
3116,服裝設計,http://www.hk861.com/channel.php?cid=3116

3158,交友尋緣,http://www.hk861.com/channel.php?cid=3158
3149,婚宴場地,http://www.hk861.com/channel.php?cid=3149
3148,婚禮統籌,http://www.hk861.com/channel.php?cid=3148
3151,攝錄 | 攝影,http://www.hk861.com/channel.php?cid=3151
3154,化妝及髮型,http://www.hk861.com/channel.php?cid=3154
3155,婚禮樂隊 | 表演,http://www.hk861.com/channel.php?cid=3155
3156,結婚花車,http://www.hk861.com/channel.php?cid=3156
3150,證婚服務,http://www.hk861.com/channel.php?cid=3150
3152,結婚服裝,http://www.hk861.com/channel.php?cid=3152
3153,結婚用品,http://www.hk861.com/channel.php?cid=3153
3157,蜜月旅遊,http://www.hk861.com/channel.php?cid=3157

898,會計及稅務,http://www.hk861.com/channel.php?cid=898
899,法律事務,http://www.hk861.com/channel.php?cid=899
1522,市場推廣及活動,http://www.hk861.com/channel.php?cid=1522
902,廣告設計,http://www.hk861.com/channel.php?cid=902
897,網絡推廣|電子商務,http://www.hk861.com/channel.php?cid=897
2347,企業顧問,http://www.hk861.com/channel.php?cid=2347
918,撰稿及翻譯,http://www.hk861.com/channel.php?cid=918
2348,辦公室,http://www.hk861.com/channel.php?cid=2348
1525,招牌,http://www.hk861.com/channel.php?cid=1525
924,消防,http://www.hk861.com/channel.php?cid=924
908,租場 | 場地,http://www.hk861.com/channel.php?cid=908
913,展覽會及拍賣,http://www.hk861.com/channel.php?cid=913
906,貿易,http://www.hk861.com/channel.php?cid=906
917,創業加盟,http://www.hk861.com/channel.php?cid=917
919,清潔及滅蟲,http://www.hk861.com/channel.php?cid=919
920,私家偵探,http://www.hk861.com/channel.php?cid=920
926,花店 | 禮籃,http://www.hk861.com/channel.php?cid=926
921,移民及簽證,http://www.hk861.com/channel.php?cid=921

1818,玩具,http://www.hk861.com/channel.php?cid=1818
1881,精品,http://www.hk861.com/channel.php?cid=1881

741,兒童興趣班,http://www.hk861.com/channel.php?cid=741
746,幼兒遊戲小组,http://www.hk861.com/channel.php?cid=746
743,藝術,http://www.hk861.com/channel.php?cid=743
742,語言學術,http://www.hk861.com/channel.php?cid=742
744,運動,http://www.hk861.com/channel.php?cid=744
745,補習,http://www.hk861.com/channel.php?cid=745
747,親子攝影,http://www.hk861.com/channel.php?cid=747
2801,幼兒教育,http://www.hk861.com/channel.php?cid=2801
753,海外升學,http://www.hk861.com/channel.php?cid=753
757,託管服務,http://www.hk861.com/channel.php?cid=757
755,孕婦及嬰兒用品,http://www.hk861.com/channel.php?cid=755

712,健身,http://www.hk861.com/channel.php?cid=712
715,瑜伽,http://www.hk861.com/channel.php?cid=715
704,單車,http://www.hk861.com/channel.php?cid=704
711,射箭,http://www.hk861.com/channel.php?cid=711
706,釣魚,http://www.hk861.com/channel.php?cid=706
705,露營 | 登山,http://www.hk861.com/channel.php?cid=705
714,武術,http://www.hk861.com/channel.php?cid=714
718,課程,http://www.hk861.com/channel.php?cid=718
723,普拉提及動作治療,http://www.hk861.com/channel.php?cid=723
719,場地出租,http://www.hk861.com/channel.php?cid=719
721,組織及團體,http://www.hk861.com/channel.php?cid=721
709,專門運動用品,http://www.hk861.com/channel.php?cid=709
708,運動用品 | 服飾,http://www.hk861.com/channel.php?cid=708
2147,軍事用品,http://www.hk861.com/channel.php?cid=2147

781,媒體宣傳,http://www.hk861.com/channel.php?cid=781
2885,藝術表演,http://www.hk861.com/channel.php?cid=2885
2886,音樂表演,http://www.hk861.com/channel.php?cid=2886
2887,舞蹈表演,http://www.hk861.com/channel.php?cid=2887
2888,魔術 | 雜技,http://www.hk861.com/channel.php?cid=2888
2889,舞龍 | 舞獅表演,http://www.hk861.com/channel.php?cid=2889
2890,小丑表演,http://www.hk861.com/channel.php?cid=2890
2891,演藝培訓,http://www.hk861.com/channel.php?cid=2891
2892,唱片公司,http://www.hk861.com/channel.php?cid=2892
2893,影視製作,http://www.hk861.com/channel.php?cid=2893
2894,舞台製作,http://www.hk861.com/channel.php?cid=2894
2895,經理人公司,http://www.hk861.com/channel.php?cid=2895
2896,演奏樂隊,http://www.hk861.com/channel.php?cid=2896
2897,模特兒,http://www.hk861.com/channel.php?cid=2897
2898,司儀,http://www.hk861.com/channel.php?cid=2898
2899,DJ,http://www.hk861.com/channel.php?cid=2899
2900,音樂教學進修,http://www.hk861.com/channel.php?cid=2900
2901,作曲及填詞,http://www.hk861.com/channel.php?cid=2901
2902,組織 | 團體及協會,http://www.hk861.com/channel.php?cid=2902
2903,買賣交易,http://www.hk861.com/channel.php?cid=2903
2904,音樂製作,http://www.hk861.com/channel.php?cid=2904
2905,音響工程,http://www.hk861.com/channel.php?cid=2905
2906,歌手,http://www.hk861.com/channel.php?cid=2906
2907,演藝名人,http://www.hk861.com/channel.php?cid=2907

1841,電腦,http://www.hk861.com/channel.php?cid=1841
1842,家居電器,http://www.hk861.com/channel.php?cid=1842
1843,影音,http://www.hk861.com/channel.php?cid=1843
1844,手機,http://www.hk861.com/channel.php?cid=1844
1845,通訊用品,http://www.hk861.com/channel.php?cid=1845
1869,網絡,http://www.hk861.com/channel.php?cid=1869
1870,電玩,http://www.hk861.com/channel.php?cid=1870
1872,電子工程,http://www.hk861.com/channel.php?cid=1872
1873,公司文儀,http://www.hk861.com/channel.php?cid=1873

678,身體檢查,http://www.hk861.com/channel.php?cid=678
2711,飲食營養,http://www.hk861.com/channel.php?cid=2711
2712,腰脊 | 針炙 | 鐵打,http://www.hk861.com/channel.php?cid=2712
679,產前產後服務,http://www.hk861.com/channel.php?cid=679
684,私家看護,http://www.hk861.com/channel.php?cid=684
687,老人服務,http://www.hk861.com/channel.php?cid=687
690,按摩服務,http://www.hk861.com/channel.php?cid=690
674,醫療保險,http://www.hk861.com/channel.php?cid=674
683,註冊西醫,http://www.hk861.com/channel.php?cid=683
682,中醫,http://www.hk861.com/channel.php?cid=682
2162,各大樂房,http://www.hk861.com/channel.php?cid=2162
673,醫療診所,http://www.hk861.com/channel.php?cid=673
1488,醫院,http://www.hk861.com/channel.php?cid=1488
672,醫療 | 個人謢理,http://www.hk861.com/channel.php?cid=672
3947,醫療製造廠,http://www.hk861.com/channel.php?cid=3947

3935,旅行用品,http://www.hk861.com/channel.php?cid=3935
2158,找換店,http://www.hk861.com/channel.php?cid=2158
1494,旅遊網站,http://www.hk861.com/channel.php?cid=1494
827,旅行社及票務,http://www.hk861.com/channel.php?cid=827
828,簽證,http://www.hk861.com/channel.php?cid=828
829,旅遊保險,http://www.hk861.com/channel.php?cid=829
1495,航空公司,http://www.hk861.com/channel.php?cid=1495
831,酒店,http://www.hk861.com/channel.php?cid=831
1496,賓館,http://www.hk861.com/channel.php?cid=1496
1502,渡假屋,http://www.hk861.com/channel.php?cid=1502
836,租車接送,http://www.hk861.com/channel.php?cid=836

3488,音樂 | 舞蹈 | 戲劇,http://www.hk861.com/channel.php?cid=3488
3485,藝術 | 社會 | 哲學,http://www.hk861.com/channel.php?cid=3485
3492,幼兒 | 兒童課程,http://www.hk861.com/channel.php?cid=3492
3490,烹飪,http://www.hk861.com/channel.php?cid=3490
3491,電腦,http://www.hk861.com/channel.php?cid=3491
3487,興趣,http://www.hk861.com/channel.php?cid=3487
3489,中外語文,http://www.hk861.com/channel.php?cid=3489
3484,商科 | 管理,http://www.hk861.com/channel.php?cid=3484
3483,工科,http://www.hk861.com/channel.php?cid=3483
3486,康樂 | 醫療,http://www.hk861.com/channel.php?cid=3486
3482,留學遊學,http://www.hk861.com/channel.php?cid=3482
3480,本地院校,http://www.hk861.com/channel.php?cid=3480
3826,長者課程,http://www.hk861.com/channel.php?cid=3826
3493,技能提昇,http://www.hk861.com/channel.php?cid=3493
3481,獎學金,http://www.hk861.com/channel.php?cid=3481

2592,搬運公司,http://www.hk861.com/channel.php?cid=2592
1481,倉儲,http://www.hk861.com/channel.php?cid=1481
954,物流設備,http://www.hk861.com/channel.php?cid=954
955,物流台車,http://www.hk861.com/channel.php?cid=955
956,中港物流,http://www.hk861.com/channel.php?cid=956
957,國際物流,http://www.hk861.com/channel.php?cid=957
1482,速遞公司,http://www.hk861.com/channel.php?cid=1482
958,接送服務,http://www.hk861.com/channel.php?cid=958

650,二手車,http://www.hk861.com/channel.php?cid=650
2638,汽車美容,http://www.hk861.com/channel.php?cid=2638
2640,拖車 | 劏車,http://www.hk861.com/channel.php?cid=2640
1485,電召 | 租車,http://www.hk861.com/channel.php?cid=1485
660,維修及改裝,http://www.hk861.com/channel.php?cid=660
657,學車,http://www.hk861.com/channel.php?cid=657
658,車牌,http://www.hk861.com/channel.php?cid=658
669,車位,http://www.hk861.com/channel.php?cid=669
656,保險及貨款,http://www.hk861.com/channel.php?cid=656
1486,加油站,http://www.hk861.com/channel.php?cid=1486
659,汽車用品,http://www.hk861.com/channel.php?cid=659
2639,車主會,http://www.hk861.com/channel.php?cid=2639
670,全新電單車,http://www.hk861.com/channel.php?cid=670
1487,全新汽車,http://www.hk861.com/channel.php?cid=1487

462,工業食品,http://www.hk861.com/channel.php?cid=462
519,零件,http://www.hk861.com/channel.php?cid=519
575,包裝,http://www.hk861.com/channel.php?cid=575
550,工業機器買賣,http://www.hk861.com/channel.php?cid=550
3898,不鏽鋼,http://www.hk861.com/channel.php?cid=3898
3923,石油氣 | 煤氣,http://www.hk861.com/channel.php?cid=3923
3958,機械 | 機器 | 機電,http://www.hk861.com/channel.php?cid=3958
407,LED,http://www.hk861.com/channel.php?cid=407
432,防火 | 防水,http://www.hk861.com/channel.php?cid=432
2487,生產商,http://www.hk861.com/channel.php?cid=2487
2488,環保,http://www.hk861.com/channel.php?cid=2488
2489,工業化學,http://www.hk861.com/channel.php?cid=2489
2490,工業儀器買賣,http://www.hk861.com/channel.php?cid=2490
2491,傢俬 ,http://www.hk861.com/channel.php?cid=2491
2492,造船,http://www.hk861.com/channel.php?cid=2492
2495,五金,http://www.hk861.com/channel.php?cid=2495
484,造紙,http://www.hk861.com/channel.php?cid=484
492,棧板,http://www.hk861.com/channel.php?cid=492
497,無塵室,http://www.hk861.com/channel.php?cid=497
505,超音波,http://www.hk861.com/channel.php?cid=505

1493,物業買賣,http://www.hk861.com/channel.php?cid=1493
2851,物業出租,http://www.hk861.com/channel.php?cid=2851
2852,物業按揭 | 保險服務,http://www.hk861.com/channel.php?cid=2852
2853,法律服務,http://www.hk861.com/channel.php?cid=2853
1491,地產發展及建築,http://www.hk861.com/channel.php?cid=1491
778,物業管理服務,http://www.hk861.com/channel.php?cid=778

2678,投資,http://www.hk861.com/channel.php?cid=2678
964,銀行,http://www.hk861.com/channel.php?cid=964
966,抵押 | 貨款,http://www.hk861.com/channel.php?cid=966
1497,投資理材顧問,http://www.hk861.com/channel.php?cid=1497
961,保險,http://www.hk861.com/channel.php?cid=961

3955,佛飾店 | 纸紮舖,http://www.hk861.com/channel.php?cid=3955
609,喪禮服務,http://www.hk861.com/channel.php?cid=609
617,墓地,http://www.hk861.com/channel.php?cid=617
625,玄學,http://www.hk861.com/channel.php?cid=625
626,宗教,http://www.hk861.com/channel.php?cid=626
1531,骨灰位,http://www.hk861.com/channel.php?cid=1531

629,電子產品,http://www.hk861.com/channel.php?cid=629
627,飲食,http://www.hk861.com/channel.php?cid=627
628,美容,http://www.hk861.com/channel.php?cid=628
632,時裝配飾,http://www.hk861.com/channel.php?cid=632
633,鐘錶及珠寶首飾,http://www.hk861.com/channel.php?cid=633
634,家居,http://www.hk861.com/channel.php?cid=634
635,文儀及精品,http://www.hk861.com/channel.php?cid=635
636,孕婦及嬰兒,http://www.hk861.com/channel.php?cid=636
637,玩具及模型,http://www.hk861.com/channel.php?cid=637
638,運動及健身,http://www.hk861.com/channel.php?cid=638
639,健康及醫療用品,http://www.hk861.com/channel.php?cid=639
640,書籍及光碟,http://www.hk861.com/channel.php?cid=640
641,樂器及其他,http://www.hk861.com/channel.php?cid=641
644,寵物,http://www.hk861.com/channel.php?cid=644
645,婚禮用品,http://www.hk861.com/channel.php?cid=645
646,古董及收藏品,http://www.hk861.com/channel.php?cid=646
647,花及盆栽,http://www.hk861.com/channel.php?cid=647
2203,回收,http://www.hk861.com/channel.php?cid=2203

2486,駐港領事館,http://www.hk861.com/channel.php?cid=2486
1468,香港天氣,http://www.hk861.com/channel.php?cid=1468
1469,社區中心,http://www.hk861.com/channel.php?cid=1469
953,社區會堂,http://www.hk861.com/channel.php?cid=953
1470,商業協會,http://www.hk861.com/channel.php?cid=1470
1471,青年商會,http://www.hk861.com/channel.php?cid=1471
1472,社團協會,http://www.hk861.com/channel.php?cid=1472
1473,婦女聯會,http://www.hk861.com/channel.php?cid=1473
1474,長者中心,http://www.hk861.com/channel.php?cid=1474
1475,委員會,http://www.hk861.com/channel.php?cid=1475
1476,工會,http://www.hk861.com/channel.php?cid=1476
1477,職員會,http://www.hk861.com/channel.php?cid=1477
1478,博物館,http://www.hk861.com/channel.php?cid=1478
1479,圖書館,http://www.hk861.com/channel.php?cid=1479
952,團體,http://www.hk861.com/channel.php?cid=952
949,義工,http://www.hk861.com/channel.php?cid=949
950,輔導,http://www.hk861.com/channel.php?cid=950
951,捐贈,http://www.hk861.com/channel.php?cid=951
1480,學會,http://www.hk861.com/channel.php?cid=1480

739,香港常用,http://www.hk861.com/channel.php?cid=739
2477,電台,http://www.hk861.com/channel.php?cid=2477
2478,航空,http://www.hk861.com/channel.php?cid=2478
2479,緊急救授,http://www.hk861.com/channel.php?cid=2479
2480,駕駛學院,http://www.hk861.com/channel.php?cid=2480
2481,速遞,http://www.hk861.com/channel.php?cid=2481
2482,寵物酒店,http://www.hk861.com/channel.php?cid=2482
2483,外傭,http://www.hk861.com/channel.php?cid=2483
2484,寬頻網絡,http://www.hk861.com/channel.php?cid=2484
2485,手機維修,http://www.hk861.com/channel.php?cid=2485
740,熱門論壇,http://www.hk861.com/channel.php?cid=740
1467,公共交通,http://www.hk861.com/channel.php?cid=1467
724,電召計程車,http://www.hk861.com/channel.php?cid=724
725,電召貸車,http://www.hk861.com/channel.php?cid=725
726,外賣速遞,http://www.hk861.com/channel.php?cid=726
727,開鎖,http://www.hk861.com/channel.php?cid=727
728,通渠及水電,http://www.hk861.com/channel.php?cid=728
734,電腦維修,http://www.hk861.com/channel.php?cid=734
738,貸款,http://www.hk861.com/channel.php?cid=738
731,拖車服務,http://www.hk861.com/channel.php?cid=731
730,送花服務,http://www.hk861.com/channel.php?cid=730
732,汽車維修,http://www.hk861.com/channel.php?cid=732
733,電單車維修,http://www.hk861.com/channel.php?cid=733
736,寵物醫療,http://www.hk861.com/channel.php?cid=736
737,寵物善終,http://www.hk861.com/channel.php?cid=737

4910,戲院 ,http://www.hk861.com/channel.php?cid=4910
4804,廁所,http://www.hk861.com/channel.php?cid=4804
4805,提款機,http://www.hk861.com/channel.php?cid=4805
4807,停車場,http://www.hk861.com/channel.php?cid=4807
4808,油站,http://www.hk861.com/channel.php?cid=4808
